Sample in Buffer,Sample in Window,TRIGGER,staged_mac_bd_i/system_ila_0/inst/net_slot_0_axis_tdata[31:0],staged_mac_bd_i/system_ila_0/inst/net_slot_0_axis_tid[7:0],staged_mac_bd_i/system_ila_0/inst/net_slot_0_axis_tvalid,staged_mac_bd_i/system_ila_0/inst/net_slot_0_axis_tready,staged_mac_bd_i/system_ila_0/inst/net_slot_0_axis_tlast,Interface_(i1:s0)_(staged_mac_0_MO_AXIS)[2:0],T_Channel_(i1:s0)_(staged_mac_0_MO_AXIS)[2:0]
Radix - UNSIGNED,UNSIGNED,UNSIGNED,HEX,HEX,HEX,HEX,HEX,HEX,HEX
0,0,0,00000006,00,0,1,0,"_","_"
1,1,0,00000006,00,0,1,0,"_","_"
2,2,0,00000006,00,0,1,0,"_","_"
3,3,0,00000006,00,0,1,0,"_","_"
4,4,0,00000006,00,0,1,0,"_","_"
5,5,0,00000006,00,0,1,0,"_","_"
6,6,0,00000006,00,0,1,0,"_","_"
7,7,0,00000006,00,0,1,0,"_","_"
8,8,0,00000006,00,0,1,0,"_","_"
9,9,0,00000006,00,0,1,0,"_","_"
10,10,0,00000006,00,0,1,0,"_","_"
11,11,0,00000006,00,0,1,0,"_","_"
12,12,0,00000006,00,0,1,0,"_","_"
13,13,0,00000006,00,0,1,0,"_","_"
14,14,0,00000006,00,0,1,0,"_","_"
15,15,0,00000006,00,0,1,0,"_","_"
16,16,0,00000006,00,0,1,0,"_","_"
17,17,0,00000006,00,0,1,0,"_","_"
18,18,0,00000006,00,0,1,0,"_","_"
19,19,0,00000006,00,0,1,0,"_","_"
20,20,0,00000006,00,0,1,0,"_","_"
21,21,0,00000006,00,0,1,0,"_","_"
22,22,0,00000006,00,0,1,0,"_","_"
23,23,0,00000006,00,0,1,0,"_","_"
24,24,0,00000006,00,0,1,0,"_","_"
25,25,0,00000006,00,0,1,0,"_","_"
26,26,0,00000006,00,0,1,0,"_","_"
27,27,0,00000006,00,0,1,0,"_","_"
28,28,0,00000006,00,0,1,0,"_","_"
29,29,0,00000006,00,0,1,0,"_","_"
30,30,0,00000006,00,0,1,0,"_","_"
31,31,0,00000006,00,0,1,0,"_","_"
32,32,0,00000006,00,0,1,0,"_","_"
33,33,0,00000006,00,0,1,0,"_","_"
34,34,0,00000006,00,0,1,0,"_","_"
35,35,0,00000006,00,0,1,0,"_","_"
36,36,0,00000006,00,0,1,0,"_","_"
37,37,0,00000006,00,0,1,0,"_","_"
38,38,0,00000006,00,0,1,0,"_","_"
39,39,0,00000006,00,0,1,0,"_","_"
40,40,0,00000006,00,0,1,0,"_","_"
41,41,0,00000006,00,0,1,0,"_","_"
42,42,0,00000006,00,0,1,0,"_","_"
43,43,0,00000006,00,0,1,0,"_","_"
44,44,0,00000006,00,0,1,0,"_","_"
45,45,0,00000006,00,0,1,0,"_","_"
46,46,0,00000006,00,0,1,0,"_","_"
47,47,0,00000006,00,1,1,1,"Active","Last Stream"
48,48,0,00000006,00,0,1,0,"_","_"
49,49,0,00000006,00,0,1,0,"_","_"
50,50,0,00000006,00,0,1,0,"_","_"
51,51,0,00000006,00,0,1,0,"_","_"
52,52,0,00000006,00,0,1,0,"_","_"
53,53,0,00000006,00,0,1,0,"_","_"
54,54,0,00000006,00,0,1,0,"_","_"
55,55,0,00000006,00,0,1,0,"_","_"
56,56,0,00000006,00,0,1,0,"_","_"
57,57,0,00000006,00,0,1,0,"_","_"
58,58,0,00000006,00,0,1,0,"_","_"
59,59,0,00000006,00,0,1,0,"_","_"
60,60,0,00000006,00,0,1,0,"_","_"
61,61,0,00000006,00,0,1,0,"_","_"
62,62,0,00000006,00,0,1,0,"_","_"
63,63,0,00000006,00,0,1,0,"_","_"
64,64,0,00000006,00,0,1,0,"_","_"
65,65,0,00000006,00,0,1,0,"_","_"
66,66,0,00000006,00,0,1,0,"_","_"
67,67,0,00000006,00,0,1,0,"_","_"
68,68,0,00000006,00,0,1,0,"_","_"
69,69,0,00000006,00,0,1,0,"_","_"
70,70,0,00000006,00,0,1,0,"_","_"
71,71,0,00000006,00,0,1,0,"_","_"
72,72,0,00000006,00,0,1,0,"_","_"
73,73,0,00000006,00,0,1,0,"_","_"
74,74,0,00000006,00,0,1,0,"_","_"
75,75,0,00000006,00,0,1,0,"_","_"
76,76,0,00000006,00,0,1,0,"_","_"
77,77,0,00000006,00,0,1,0,"_","_"
78,78,0,00000006,00,0,1,0,"_","_"
79,79,0,00000006,00,0,1,0,"_","_"
80,80,0,00000006,00,0,1,0,"_","_"
81,81,0,00000006,00,0,1,0,"_","_"
82,82,0,00000006,00,0,1,0,"_","_"
83,83,0,00000006,00,0,1,0,"_","_"
84,84,0,00000006,00,0,1,0,"_","_"
85,85,0,00000006,00,0,1,0,"_","_"
86,86,0,00000006,00,0,1,0,"_","_"
87,87,0,00000006,00,0,1,0,"_","_"
88,88,0,00000006,00,0,1,0,"_","_"
89,89,0,00000006,00,0,1,0,"_","_"
90,90,0,00000006,00,0,1,0,"_","_"
91,91,0,00000006,00,0,1,0,"_","_"
92,92,0,00000006,00,0,1,0,"_","_"
93,93,0,00000006,00,0,1,0,"_","_"
94,94,0,00000006,00,0,1,0,"_","_"
95,95,0,00000006,00,0,1,0,"_","_"
96,96,0,00000006,00,0,1,0,"_","_"
97,97,0,00000006,00,0,1,0,"_","_"
98,98,0,00000006,00,0,1,0,"_","_"
99,99,0,00000006,00,0,1,0,"_","_"
100,100,0,00000006,00,0,1,0,"_","_"
101,101,0,00000006,00,0,1,0,"_","_"
102,102,0,00000006,00,0,1,0,"_","_"
103,103,0,00000006,00,0,1,0,"_","_"
104,104,0,00000006,00,0,1,0,"_","_"
105,105,0,00000006,00,0,1,0,"_","_"
106,106,0,00000006,00,0,1,0,"_","_"
107,107,0,00000006,00,0,1,0,"_","_"
108,108,0,00000006,00,0,1,0,"_","_"
109,109,0,00000006,00,0,1,0,"_","_"
110,110,0,00000006,00,0,1,0,"_","_"
111,111,0,00000006,00,0,1,0,"_","_"
112,112,0,00000006,00,0,1,0,"_","_"
113,113,0,00000006,00,0,1,0,"_","_"
114,114,0,00000006,00,0,1,0,"_","_"
115,115,0,00000006,00,0,1,0,"_","_"
116,116,0,00000006,00,0,1,0,"_","_"
117,117,0,00000006,00,0,1,0,"_","_"
118,118,0,00000006,00,0,1,0,"_","_"
119,119,0,00000006,00,0,1,0,"_","_"
120,120,0,00000006,00,0,1,0,"_","_"
121,121,0,00000006,00,0,1,0,"_","_"
122,122,0,00000006,00,0,1,0,"_","_"
123,123,0,00000006,00,0,1,0,"_","_"
124,124,0,00000006,00,0,1,0,"_","_"
125,125,0,00000006,00,0,1,0,"_","_"
126,126,0,00000006,00,0,1,0,"_","_"
127,127,0,00000006,00,0,1,0,"_","_"
128,128,0,00000006,00,0,1,0,"_","_"
129,129,0,00000006,00,0,1,0,"_","_"
130,130,0,00000006,00,0,1,0,"_","_"
131,131,0,00000006,00,0,1,0,"_","_"
132,132,0,00000006,00,0,1,0,"_","_"
133,133,0,00000006,00,0,1,0,"_","_"
134,134,0,00000006,00,0,1,0,"_","_"
135,135,0,00000006,00,0,1,0,"_","_"
136,136,0,00000006,00,0,1,0,"_","_"
137,137,0,00000006,00,0,1,0,"_","_"
138,138,0,00000006,00,0,1,0,"_","_"
139,139,0,00000006,00,0,1,0,"_","_"
140,140,0,00000006,00,1,1,1,"Active","Last Stream"
141,141,0,00000006,00,0,1,0,"_","_"
142,142,0,00000006,00,0,1,0,"_","_"
143,143,0,00000006,00,0,1,0,"_","_"
144,144,0,00000006,00,0,1,0,"_","_"
145,145,0,00000006,00,0,1,0,"_","_"
146,146,0,00000006,00,0,1,0,"_","_"
147,147,0,00000006,00,0,1,0,"_","_"
148,148,0,00000006,00,0,1,0,"_","_"
149,149,0,00000006,00,0,1,0,"_","_"
150,150,0,00000006,00,0,1,0,"_","_"
151,151,0,00000006,00,0,1,0,"_","_"
152,152,0,00000006,00,0,1,0,"_","_"
153,153,0,00000006,00,0,1,0,"_","_"
154,154,0,00000006,00,0,1,0,"_","_"
155,155,0,00000006,00,0,1,0,"_","_"
156,156,0,00000006,00,0,1,0,"_","_"
157,157,0,00000006,00,0,1,0,"_","_"
158,158,0,00000006,00,0,1,0,"_","_"
159,159,0,00000006,00,0,1,0,"_","_"
160,160,0,00000006,00,0,1,0,"_","_"
161,161,0,00000006,00,0,1,0,"_","_"
162,162,0,00000006,00,0,1,0,"_","_"
163,163,0,00000006,00,0,1,0,"_","_"
164,164,0,00000006,00,0,1,0,"_","_"
165,165,0,00000006,00,0,1,0,"_","_"
166,166,0,00000006,00,0,1,0,"_","_"
167,167,0,00000006,00,0,1,0,"_","_"
168,168,0,00000006,00,0,1,0,"_","_"
169,169,0,00000006,00,0,1,0,"_","_"
170,170,0,00000006,00,0,1,0,"_","_"
171,171,0,00000006,00,0,1,0,"_","_"
172,172,0,00000006,00,0,1,0,"_","_"
173,173,0,00000006,00,0,1,0,"_","_"
174,174,0,00000006,00,0,1,0,"_","_"
175,175,0,00000006,00,0,1,0,"_","_"
176,176,0,00000006,00,0,1,0,"_","_"
177,177,0,00000006,00,0,1,0,"_","_"
178,178,0,00000006,00,0,1,0,"_","_"
179,179,0,00000006,00,0,1,0,"_","_"
180,180,0,00000006,00,0,1,0,"_","_"
181,181,0,00000006,00,0,1,0,"_","_"
182,182,0,00000006,00,0,1,0,"_","_"
183,183,0,00000006,00,0,1,0,"_","_"
184,184,0,00000006,00,0,1,0,"_","_"
185,185,0,00000006,00,0,1,0,"_","_"
186,186,0,00000006,00,0,1,0,"_","_"
187,187,0,00000006,00,0,1,0,"_","_"
188,188,0,00000006,00,0,1,0,"_","_"
189,189,0,00000006,00,0,1,0,"_","_"
190,190,0,00000006,00,0,1,0,"_","_"
191,191,0,00000006,00,0,1,0,"_","_"
192,192,0,00000006,00,0,1,0,"_","_"
193,193,0,00000006,00,0,1,0,"_","_"
194,194,0,00000006,00,0,1,0,"_","_"
195,195,0,00000006,00,0,1,0,"_","_"
196,196,0,00000006,00,0,1,0,"_","_"
197,197,0,00000006,00,0,1,0,"_","_"
198,198,0,00000006,00,0,1,0,"_","_"
199,199,0,00000006,00,0,1,0,"_","_"
200,200,0,00000006,00,0,1,0,"_","_"
201,201,0,00000006,00,0,1,0,"_","_"
202,202,0,00000006,00,0,1,0,"_","_"
203,203,0,00000006,00,0,1,0,"_","_"
204,204,0,00000006,00,0,1,0,"_","_"
205,205,0,00000006,00,0,1,0,"_","_"
206,206,0,00000006,00,0,1,0,"_","_"
207,207,0,00000006,00,0,1,0,"_","_"
208,208,0,00000006,00,0,1,0,"_","_"
209,209,0,00000006,00,0,1,0,"_","_"
210,210,0,00000006,00,0,1,0,"_","_"
211,211,0,00000006,00,0,1,0,"_","_"
212,212,0,00000006,00,0,1,0,"_","_"
213,213,0,00000006,00,0,1,0,"_","_"
214,214,0,00000006,00,0,1,0,"_","_"
215,215,0,00000006,00,0,1,0,"_","_"
216,216,0,00000006,00,0,1,0,"_","_"
217,217,0,00000006,00,0,1,0,"_","_"
218,218,0,00000006,00,0,1,0,"_","_"
219,219,0,00000006,00,0,1,0,"_","_"
220,220,0,00000006,00,0,1,0,"_","_"
221,221,0,00000006,00,0,1,0,"_","_"
222,222,0,00000006,00,0,1,0,"_","_"
223,223,0,00000006,00,0,1,0,"_","_"
224,224,0,00000006,00,0,1,0,"_","_"
225,225,0,00000006,00,0,1,0,"_","_"
226,226,0,00000006,00,0,1,0,"_","_"
227,227,0,00000006,00,0,1,0,"_","_"
228,228,0,00000006,00,0,1,0,"_","_"
229,229,0,00000006,00,0,1,0,"_","_"
230,230,0,00000006,00,0,1,0,"_","_"
231,231,0,00000006,00,0,1,0,"_","_"
232,232,0,00000006,00,0,1,0,"_","_"
233,233,0,00000006,00,1,1,1,"Active","Last Stream"
234,234,0,00000006,00,0,1,0,"_","_"
235,235,0,00000006,00,0,1,0,"_","_"
236,236,0,00000006,00,0,1,0,"_","_"
237,237,0,00000006,00,0,1,0,"_","_"
238,238,0,00000006,00,0,1,0,"_","_"
239,239,0,00000006,00,0,1,0,"_","_"
240,240,0,00000006,00,0,1,0,"_","_"
241,241,0,00000006,00,0,1,0,"_","_"
242,242,0,00000006,00,0,1,0,"_","_"
243,243,0,00000006,00,0,1,0,"_","_"
244,244,0,00000006,00,0,1,0,"_","_"
245,245,0,00000006,00,0,1,0,"_","_"
246,246,0,00000006,00,0,1,0,"_","_"
247,247,0,00000006,00,0,1,0,"_","_"
248,248,0,00000006,00,0,1,0,"_","_"
249,249,0,00000006,00,0,1,0,"_","_"
250,250,0,00000006,00,0,1,0,"_","_"
251,251,0,00000006,00,0,1,0,"_","_"
252,252,0,00000006,00,0,1,0,"_","_"
253,253,0,00000006,00,0,1,0,"_","_"
254,254,0,00000006,00,0,1,0,"_","_"
255,255,0,00000006,00,0,1,0,"_","_"
256,256,0,00000006,00,0,1,0,"_","_"
257,257,0,00000006,00,0,1,0,"_","_"
258,258,0,00000006,00,0,1,0,"_","_"
259,259,0,00000006,00,0,1,0,"_","_"
260,260,0,00000006,00,0,1,0,"_","_"
261,261,0,00000006,00,0,1,0,"_","_"
262,262,0,00000006,00,0,1,0,"_","_"
263,263,0,00000006,00,0,1,0,"_","_"
264,264,0,00000006,00,0,1,0,"_","_"
265,265,0,00000006,00,0,1,0,"_","_"
266,266,0,00000006,00,0,1,0,"_","_"
267,267,0,00000006,00,0,1,0,"_","_"
268,268,0,00000006,00,0,1,0,"_","_"
269,269,0,00000006,00,0,1,0,"_","_"
270,270,0,00000006,00,0,1,0,"_","_"
271,271,0,00000006,00,0,1,0,"_","_"
272,272,0,00000006,00,0,1,0,"_","_"
273,273,0,00000006,00,0,1,0,"_","_"
274,274,0,00000006,00,0,1,0,"_","_"
275,275,0,00000006,00,0,1,0,"_","_"
276,276,0,00000006,00,0,1,0,"_","_"
277,277,0,00000006,00,0,1,0,"_","_"
278,278,0,00000006,00,0,1,0,"_","_"
279,279,0,00000006,00,0,1,0,"_","_"
280,280,0,00000006,00,0,1,0,"_","_"
281,281,0,00000006,00,0,1,0,"_","_"
282,282,0,00000006,00,0,1,0,"_","_"
283,283,0,00000006,00,0,1,0,"_","_"
284,284,0,00000006,00,0,1,0,"_","_"
285,285,0,00000006,00,0,1,0,"_","_"
286,286,0,00000006,00,0,1,0,"_","_"
287,287,0,00000006,00,0,1,0,"_","_"
288,288,0,00000006,00,0,1,0,"_","_"
289,289,0,00000006,00,0,1,0,"_","_"
290,290,0,00000006,00,0,1,0,"_","_"
291,291,0,00000006,00,0,1,0,"_","_"
292,292,0,00000006,00,0,1,0,"_","_"
293,293,0,00000006,00,0,1,0,"_","_"
294,294,0,00000006,00,0,1,0,"_","_"
295,295,0,00000006,00,0,1,0,"_","_"
296,296,0,00000006,00,0,1,0,"_","_"
297,297,0,00000006,00,0,1,0,"_","_"
298,298,0,00000006,00,0,1,0,"_","_"
299,299,0,00000006,00,0,1,0,"_","_"
300,300,0,00000006,00,0,1,0,"_","_"
301,301,0,00000006,00,0,1,0,"_","_"
302,302,0,00000006,00,0,1,0,"_","_"
303,303,0,00000006,00,0,1,0,"_","_"
304,304,0,00000006,00,0,1,0,"_","_"
305,305,0,00000006,00,0,1,0,"_","_"
306,306,0,00000006,00,0,1,0,"_","_"
307,307,0,00000006,00,0,1,0,"_","_"
308,308,0,00000006,00,0,1,0,"_","_"
309,309,0,00000006,00,0,1,0,"_","_"
310,310,0,00000006,00,0,1,0,"_","_"
311,311,0,00000006,00,0,1,0,"_","_"
312,312,0,00000006,00,0,1,0,"_","_"
313,313,0,00000006,00,0,1,0,"_","_"
314,314,0,00000006,00,0,1,0,"_","_"
315,315,0,00000006,00,0,1,0,"_","_"
316,316,0,00000006,00,0,1,0,"_","_"
317,317,0,00000006,00,0,1,0,"_","_"
318,318,0,00000006,00,0,1,0,"_","_"
319,319,0,00000006,00,0,1,0,"_","_"
320,320,0,00000006,00,0,1,0,"_","_"
321,321,0,00000006,00,0,1,0,"_","_"
322,322,0,00000006,00,0,1,0,"_","_"
323,323,0,00000006,00,0,1,0,"_","_"
324,324,0,00000006,00,0,1,0,"_","_"
325,325,0,00000006,00,0,1,0,"_","_"
326,326,0,00000006,00,1,1,1,"Active","Last Stream"
327,327,0,00000006,00,0,1,0,"_","_"
328,328,0,00000006,00,0,1,0,"_","_"
329,329,0,00000006,00,0,1,0,"_","_"
330,330,0,00000006,00,0,1,0,"_","_"
331,331,0,00000006,00,0,1,0,"_","_"
332,332,0,00000006,00,0,1,0,"_","_"
333,333,0,00000006,00,0,1,0,"_","_"
334,334,0,00000006,00,0,1,0,"_","_"
335,335,0,00000006,00,0,1,0,"_","_"
336,336,0,00000006,00,0,1,0,"_","_"
337,337,0,00000006,00,0,1,0,"_","_"
338,338,0,00000006,00,0,1,0,"_","_"
339,339,0,00000006,00,0,1,0,"_","_"
340,340,0,00000006,00,0,1,0,"_","_"
341,341,0,00000006,00,0,1,0,"_","_"
342,342,0,00000006,00,0,1,0,"_","_"
343,343,0,00000006,00,0,1,0,"_","_"
344,344,0,00000006,00,0,1,0,"_","_"
345,345,0,00000006,00,0,1,0,"_","_"
346,346,0,00000006,00,0,1,0,"_","_"
347,347,0,00000006,00,0,1,0,"_","_"
348,348,0,00000006,00,0,1,0,"_","_"
349,349,0,00000006,00,0,1,0,"_","_"
350,350,0,00000006,00,0,1,0,"_","_"
351,351,0,00000006,00,0,1,0,"_","_"
352,352,0,00000006,00,0,1,0,"_","_"
353,353,0,00000006,00,0,1,0,"_","_"
354,354,0,00000006,00,0,1,0,"_","_"
355,355,0,00000006,00,0,1,0,"_","_"
356,356,0,00000006,00,0,1,0,"_","_"
357,357,0,00000006,00,0,1,0,"_","_"
358,358,0,00000006,00,0,1,0,"_","_"
359,359,0,00000006,00,0,1,0,"_","_"
360,360,0,00000006,00,0,1,0,"_","_"
361,361,0,00000006,00,0,1,0,"_","_"
362,362,0,00000006,00,0,1,0,"_","_"
363,363,0,00000006,00,0,1,0,"_","_"
364,364,0,00000006,00,0,1,0,"_","_"
365,365,0,00000006,00,0,1,0,"_","_"
366,366,0,00000006,00,0,1,0,"_","_"
367,367,0,00000006,00,0,1,0,"_","_"
368,368,0,00000006,00,0,1,0,"_","_"
369,369,0,00000006,00,0,1,0,"_","_"
370,370,0,00000006,00,0,1,0,"_","_"
371,371,0,00000006,00,0,1,0,"_","_"
372,372,0,00000006,00,0,1,0,"_","_"
373,373,0,00000006,00,0,1,0,"_","_"
374,374,0,00000006,00,0,1,0,"_","_"
375,375,0,00000006,00,0,1,0,"_","_"
376,376,0,00000006,00,0,1,0,"_","_"
377,377,0,00000006,00,0,1,0,"_","_"
378,378,0,00000006,00,0,1,0,"_","_"
379,379,0,00000006,00,0,1,0,"_","_"
380,380,0,00000006,00,0,1,0,"_","_"
381,381,0,00000006,00,0,1,0,"_","_"
382,382,0,00000006,00,0,1,0,"_","_"
383,383,0,00000006,00,0,1,0,"_","_"
384,384,0,00000006,00,0,1,0,"_","_"
385,385,0,00000006,00,0,1,0,"_","_"
386,386,0,00000006,00,0,1,0,"_","_"
387,387,0,00000006,00,0,1,0,"_","_"
388,388,0,00000006,00,0,1,0,"_","_"
389,389,0,00000006,00,0,1,0,"_","_"
390,390,0,00000006,00,0,1,0,"_","_"
391,391,0,00000006,00,0,1,0,"_","_"
392,392,0,00000006,00,0,1,0,"_","_"
393,393,0,00000006,00,0,1,0,"_","_"
394,394,0,00000006,00,0,1,0,"_","_"
395,395,0,00000006,00,0,1,0,"_","_"
396,396,0,00000006,00,0,1,0,"_","_"
397,397,0,00000006,00,0,1,0,"_","_"
398,398,0,00000006,00,0,1,0,"_","_"
399,399,0,00000006,00,0,1,0,"_","_"
400,400,0,00000006,00,0,1,0,"_","_"
401,401,0,00000006,00,0,1,0,"_","_"
402,402,0,00000006,00,0,1,0,"_","_"
403,403,0,00000006,00,0,1,0,"_","_"
404,404,0,00000006,00,0,1,0,"_","_"
405,405,0,00000006,00,0,1,0,"_","_"
406,406,0,00000006,00,0,1,0,"_","_"
407,407,0,00000006,00,0,1,0,"_","_"
408,408,0,00000006,00,0,1,0,"_","_"
409,409,0,00000006,00,0,1,0,"_","_"
410,410,0,00000006,00,0,1,0,"_","_"
411,411,0,00000006,00,0,1,0,"_","_"
412,412,0,00000006,00,0,1,0,"_","_"
413,413,0,00000006,00,0,1,0,"_","_"
414,414,0,00000006,00,0,1,0,"_","_"
415,415,0,00000006,00,0,1,0,"_","_"
416,416,0,00000006,00,0,1,0,"_","_"
417,417,0,00000006,00,0,1,0,"_","_"
418,418,0,00000006,00,0,1,0,"_","_"
419,419,0,00000006,00,1,1,1,"Active","Last Stream"
420,420,0,00000006,00,0,1,0,"_","_"
421,421,0,00000006,00,0,1,0,"_","_"
422,422,0,00000006,00,0,1,0,"_","_"
423,423,0,00000006,00,0,1,0,"_","_"
424,424,0,00000006,00,0,1,0,"_","_"
425,425,0,00000006,00,0,1,0,"_","_"
426,426,0,00000006,00,0,1,0,"_","_"
427,427,0,00000006,00,0,1,0,"_","_"
428,428,0,00000006,00,0,1,0,"_","_"
429,429,0,00000006,00,0,1,0,"_","_"
430,430,0,00000006,00,0,1,0,"_","_"
431,431,0,00000006,00,0,1,0,"_","_"
432,432,0,00000006,00,0,1,0,"_","_"
433,433,0,00000006,00,0,1,0,"_","_"
434,434,0,00000006,00,0,1,0,"_","_"
435,435,0,00000006,00,0,1,0,"_","_"
436,436,0,00000006,00,0,1,0,"_","_"
437,437,0,00000006,00,0,1,0,"_","_"
438,438,0,00000006,00,0,1,0,"_","_"
439,439,0,00000006,00,0,1,0,"_","_"
440,440,0,00000006,00,0,1,0,"_","_"
441,441,0,00000006,00,0,1,0,"_","_"
442,442,0,00000006,00,0,1,0,"_","_"
443,443,0,00000006,00,0,1,0,"_","_"
444,444,0,00000006,00,0,1,0,"_","_"
445,445,0,00000006,00,0,1,0,"_","_"
446,446,0,00000006,00,0,1,0,"_","_"
447,447,0,00000006,00,0,1,0,"_","_"
448,448,0,00000006,00,0,1,0,"_","_"
449,449,0,00000006,00,0,1,0,"_","_"
450,450,0,00000006,00,0,1,0,"_","_"
451,451,0,00000006,00,0,1,0,"_","_"
452,452,0,00000006,00,0,1,0,"_","_"
453,453,0,00000006,00,0,1,0,"_","_"
454,454,0,00000006,00,0,1,0,"_","_"
455,455,0,00000006,00,0,1,0,"_","_"
456,456,0,00000006,00,0,1,0,"_","_"
457,457,0,00000006,00,0,1,0,"_","_"
458,458,0,00000006,00,0,1,0,"_","_"
459,459,0,00000006,00,0,1,0,"_","_"
460,460,0,00000006,00,0,1,0,"_","_"
461,461,0,00000006,00,0,1,0,"_","_"
462,462,0,00000006,00,0,1,0,"_","_"
463,463,0,00000006,00,0,1,0,"_","_"
464,464,0,00000006,00,0,1,0,"_","_"
465,465,0,00000006,00,0,1,0,"_","_"
466,466,0,00000006,00,0,1,0,"_","_"
467,467,0,00000006,00,0,1,0,"_","_"
468,468,0,00000006,00,0,1,0,"_","_"
469,469,0,00000006,00,0,1,0,"_","_"
470,470,0,00000006,00,0,1,0,"_","_"
471,471,0,00000006,00,0,1,0,"_","_"
472,472,0,00000006,00,0,1,0,"_","_"
473,473,0,00000006,00,0,1,0,"_","_"
474,474,0,00000006,00,0,1,0,"_","_"
475,475,0,00000006,00,0,1,0,"_","_"
476,476,0,00000006,00,0,1,0,"_","_"
477,477,0,00000006,00,0,1,0,"_","_"
478,478,0,00000006,00,0,1,0,"_","_"
479,479,0,00000006,00,0,1,0,"_","_"
480,480,0,00000006,00,0,1,0,"_","_"
481,481,0,00000006,00,0,1,0,"_","_"
482,482,0,00000006,00,0,1,0,"_","_"
483,483,0,00000006,00,0,1,0,"_","_"
484,484,0,00000006,00,0,1,0,"_","_"
485,485,0,00000006,00,0,1,0,"_","_"
486,486,0,00000006,00,0,1,0,"_","_"
487,487,0,00000006,00,0,1,0,"_","_"
488,488,0,00000006,00,0,1,0,"_","_"
489,489,0,00000006,00,0,1,0,"_","_"
490,490,0,00000006,00,0,1,0,"_","_"
491,491,0,00000006,00,0,1,0,"_","_"
492,492,0,00000006,00,0,1,0,"_","_"
493,493,0,00000006,00,0,1,0,"_","_"
494,494,0,00000006,00,0,1,0,"_","_"
495,495,0,00000006,00,0,1,0,"_","_"
496,496,0,00000006,00,0,1,0,"_","_"
497,497,0,00000006,00,0,1,0,"_","_"
498,498,0,00000006,00,0,1,0,"_","_"
499,499,0,00000006,00,0,1,0,"_","_"
500,500,0,00000006,00,0,1,0,"_","_"
501,501,0,00000006,00,0,1,0,"_","_"
502,502,0,00000006,00,0,1,0,"_","_"
503,503,0,00000006,00,0,1,0,"_","_"
504,504,0,00000006,00,0,1,0,"_","_"
505,505,0,00000006,00,0,1,0,"_","_"
506,506,0,00000006,00,0,1,0,"_","_"
507,507,0,00000006,00,0,1,0,"_","_"
508,508,0,00000006,00,0,1,0,"_","_"
509,509,0,00000006,00,0,1,0,"_","_"
510,510,0,00000006,00,0,1,0,"_","_"
511,511,0,00000006,00,0,1,0,"_","_"
512,512,1,00000006,00,1,1,1,"Active","Last Stream"
513,513,0,00000006,00,0,1,0,"_","_"
514,514,0,00000006,00,0,1,0,"_","_"
515,515,0,00000006,00,0,1,0,"_","_"
516,516,0,00000006,00,0,1,0,"_","_"
517,517,0,00000006,00,0,1,0,"_","_"
518,518,0,00000006,00,0,1,0,"_","_"
519,519,0,00000006,00,0,1,0,"_","_"
520,520,0,00000006,00,0,1,0,"_","_"
521,521,0,00000006,00,0,1,0,"_","_"
522,522,0,00000006,00,0,1,0,"_","_"
523,523,0,00000006,00,0,1,0,"_","_"
524,524,0,00000006,00,0,1,0,"_","_"
525,525,0,00000006,00,0,1,0,"_","_"
526,526,0,00000006,00,0,1,0,"_","_"
527,527,0,00000006,00,0,1,0,"_","_"
528,528,0,00000006,00,0,1,0,"_","_"
529,529,0,00000006,00,0,1,0,"_","_"
530,530,0,00000006,00,0,1,0,"_","_"
531,531,0,00000006,00,0,1,0,"_","_"
532,532,0,00000006,00,0,1,0,"_","_"
533,533,0,00000006,00,0,1,0,"_","_"
534,534,0,00000006,00,0,1,0,"_","_"
535,535,0,00000006,00,0,1,0,"_","_"
536,536,0,00000006,00,0,1,0,"_","_"
537,537,0,00000006,00,0,1,0,"_","_"
538,538,0,00000006,00,0,1,0,"_","_"
539,539,0,00000006,00,0,1,0,"_","_"
540,540,0,00000006,00,0,1,0,"_","_"
541,541,0,00000006,00,0,1,0,"_","_"
542,542,0,00000006,00,0,1,0,"_","_"
543,543,0,00000006,00,0,1,0,"_","_"
544,544,0,00000006,00,0,1,0,"_","_"
545,545,0,00000006,00,0,1,0,"_","_"
546,546,0,00000006,00,0,1,0,"_","_"
547,547,0,00000006,00,0,1,0,"_","_"
548,548,0,00000006,00,0,1,0,"_","_"
549,549,0,00000006,00,0,1,0,"_","_"
550,550,0,00000006,00,0,1,0,"_","_"
551,551,0,00000006,00,0,1,0,"_","_"
552,552,0,00000006,00,0,1,0,"_","_"
553,553,0,00000006,00,0,1,0,"_","_"
554,554,0,00000006,00,0,1,0,"_","_"
555,555,0,00000006,00,0,1,0,"_","_"
556,556,0,00000006,00,0,1,0,"_","_"
557,557,0,00000006,00,0,1,0,"_","_"
558,558,0,00000006,00,0,1,0,"_","_"
559,559,0,00000006,00,0,1,0,"_","_"
560,560,0,00000006,00,0,1,0,"_","_"
561,561,0,00000006,00,0,1,0,"_","_"
562,562,0,00000006,00,0,1,0,"_","_"
563,563,0,00000006,00,0,1,0,"_","_"
564,564,0,00000006,00,0,1,0,"_","_"
565,565,0,00000006,00,0,1,0,"_","_"
566,566,0,00000006,00,0,1,0,"_","_"
567,567,0,00000006,00,0,1,0,"_","_"
568,568,0,00000006,00,0,1,0,"_","_"
569,569,0,00000006,00,0,1,0,"_","_"
570,570,0,00000006,00,0,1,0,"_","_"
571,571,0,00000006,00,0,1,0,"_","_"
572,572,0,00000006,00,0,1,0,"_","_"
573,573,0,00000006,00,0,1,0,"_","_"
574,574,0,00000006,00,0,1,0,"_","_"
575,575,0,00000006,00,0,1,0,"_","_"
576,576,0,00000006,00,0,1,0,"_","_"
577,577,0,00000006,00,0,1,0,"_","_"
578,578,0,00000006,00,0,1,0,"_","_"
579,579,0,00000006,00,0,1,0,"_","_"
580,580,0,00000006,00,0,1,0,"_","_"
581,581,0,00000006,00,0,1,0,"_","_"
582,582,0,00000006,00,0,1,0,"_","_"
583,583,0,00000006,00,0,1,0,"_","_"
584,584,0,00000006,00,0,1,0,"_","_"
585,585,0,00000006,00,0,1,0,"_","_"
586,586,0,00000006,00,0,1,0,"_","_"
587,587,0,00000006,00,0,1,0,"_","_"
588,588,0,00000006,00,0,1,0,"_","_"
589,589,0,00000006,00,0,1,0,"_","_"
590,590,0,00000006,00,0,1,0,"_","_"
591,591,0,00000006,00,0,1,0,"_","_"
592,592,0,00000006,00,0,1,0,"_","_"
593,593,0,00000006,00,0,1,0,"_","_"
594,594,0,00000006,00,0,1,0,"_","_"
595,595,0,00000006,00,0,1,0,"_","_"
596,596,0,00000006,00,0,1,0,"_","_"
597,597,0,00000006,00,0,1,0,"_","_"
598,598,0,00000006,00,0,1,0,"_","_"
599,599,0,00000006,00,0,1,0,"_","_"
600,600,0,00000006,00,0,1,0,"_","_"
601,601,0,00000006,00,0,1,0,"_","_"
602,602,0,00000006,00,0,1,0,"_","_"
603,603,0,00000006,00,0,1,0,"_","_"
604,604,0,00000006,00,0,1,0,"_","_"
605,605,0,00000006,00,1,1,1,"Active","Last Stream"
606,606,0,00000006,00,0,1,0,"_","_"
607,607,0,00000006,00,0,1,0,"_","_"
608,608,0,00000006,00,0,1,0,"_","_"
609,609,0,00000006,00,0,1,0,"_","_"
610,610,0,00000006,00,0,1,0,"_","_"
611,611,0,00000006,00,0,1,0,"_","_"
612,612,0,00000006,00,0,1,0,"_","_"
613,613,0,00000006,00,0,1,0,"_","_"
614,614,0,00000006,00,0,1,0,"_","_"
615,615,0,00000006,00,0,1,0,"_","_"
616,616,0,00000006,00,0,1,0,"_","_"
617,617,0,00000006,00,0,1,0,"_","_"
618,618,0,00000006,00,0,1,0,"_","_"
619,619,0,00000006,00,0,1,0,"_","_"
620,620,0,00000006,00,0,1,0,"_","_"
621,621,0,00000006,00,0,1,0,"_","_"
622,622,0,00000006,00,0,1,0,"_","_"
623,623,0,00000006,00,0,1,0,"_","_"
624,624,0,00000006,00,0,1,0,"_","_"
625,625,0,00000006,00,0,1,0,"_","_"
626,626,0,00000006,00,0,1,0,"_","_"
627,627,0,00000006,00,0,1,0,"_","_"
628,628,0,00000006,00,0,1,0,"_","_"
629,629,0,00000006,00,0,1,0,"_","_"
630,630,0,00000006,00,0,1,0,"_","_"
631,631,0,00000006,00,0,1,0,"_","_"
632,632,0,00000006,00,0,1,0,"_","_"
633,633,0,00000006,00,0,1,0,"_","_"
634,634,0,00000006,00,0,1,0,"_","_"
635,635,0,00000006,00,0,1,0,"_","_"
636,636,0,00000006,00,0,1,0,"_","_"
637,637,0,00000006,00,0,1,0,"_","_"
638,638,0,00000006,00,0,1,0,"_","_"
639,639,0,00000006,00,0,1,0,"_","_"
640,640,0,00000006,00,0,1,0,"_","_"
641,641,0,00000006,00,0,1,0,"_","_"
642,642,0,00000006,00,0,1,0,"_","_"
643,643,0,00000006,00,0,1,0,"_","_"
644,644,0,00000006,00,0,1,0,"_","_"
645,645,0,00000006,00,0,1,0,"_","_"
646,646,0,00000006,00,0,1,0,"_","_"
647,647,0,00000006,00,0,1,0,"_","_"
648,648,0,00000006,00,0,1,0,"_","_"
649,649,0,00000006,00,0,1,0,"_","_"
650,650,0,00000006,00,0,1,0,"_","_"
651,651,0,00000006,00,0,1,0,"_","_"
652,652,0,00000006,00,0,1,0,"_","_"
653,653,0,00000006,00,0,1,0,"_","_"
654,654,0,00000006,00,0,1,0,"_","_"
655,655,0,00000006,00,0,1,0,"_","_"
656,656,0,00000006,00,0,1,0,"_","_"
657,657,0,00000006,00,0,1,0,"_","_"
658,658,0,00000006,00,0,1,0,"_","_"
659,659,0,00000006,00,0,1,0,"_","_"
660,660,0,00000006,00,0,1,0,"_","_"
661,661,0,00000006,00,0,1,0,"_","_"
662,662,0,00000006,00,0,1,0,"_","_"
663,663,0,00000006,00,0,1,0,"_","_"
664,664,0,00000006,00,0,1,0,"_","_"
665,665,0,00000006,00,0,1,0,"_","_"
666,666,0,00000006,00,0,1,0,"_","_"
667,667,0,00000006,00,0,1,0,"_","_"
668,668,0,00000006,00,0,1,0,"_","_"
669,669,0,00000006,00,0,1,0,"_","_"
670,670,0,00000006,00,0,1,0,"_","_"
671,671,0,00000006,00,0,1,0,"_","_"
672,672,0,00000006,00,0,1,0,"_","_"
673,673,0,00000006,00,0,1,0,"_","_"
674,674,0,00000006,00,0,1,0,"_","_"
675,675,0,00000006,00,0,1,0,"_","_"
676,676,0,00000006,00,0,1,0,"_","_"
677,677,0,00000006,00,0,1,0,"_","_"
678,678,0,00000006,00,0,1,0,"_","_"
679,679,0,00000006,00,0,1,0,"_","_"
680,680,0,00000006,00,0,1,0,"_","_"
681,681,0,00000006,00,0,1,0,"_","_"
682,682,0,00000006,00,0,1,0,"_","_"
683,683,0,00000006,00,0,1,0,"_","_"
684,684,0,00000006,00,0,1,0,"_","_"
685,685,0,00000006,00,0,1,0,"_","_"
686,686,0,00000006,00,0,1,0,"_","_"
687,687,0,00000006,00,0,1,0,"_","_"
688,688,0,00000006,00,0,1,0,"_","_"
689,689,0,00000006,00,0,1,0,"_","_"
690,690,0,00000006,00,0,1,0,"_","_"
691,691,0,00000006,00,0,1,0,"_","_"
692,692,0,00000006,00,0,1,0,"_","_"
693,693,0,00000006,00,0,1,0,"_","_"
694,694,0,00000006,00,0,1,0,"_","_"
695,695,0,00000006,00,0,1,0,"_","_"
696,696,0,00000006,00,0,1,0,"_","_"
697,697,0,00000006,00,0,1,0,"_","_"
698,698,0,00000006,00,1,1,1,"Active","Last Stream"
699,699,0,00000006,00,0,1,0,"_","_"
700,700,0,00000006,00,0,1,0,"_","_"
701,701,0,00000006,00,0,1,0,"_","_"
702,702,0,00000006,00,0,1,0,"_","_"
703,703,0,00000006,00,0,1,0,"_","_"
704,704,0,00000006,00,0,1,0,"_","_"
705,705,0,00000006,00,0,1,0,"_","_"
706,706,0,00000006,00,0,1,0,"_","_"
707,707,0,00000006,00,0,1,0,"_","_"
708,708,0,00000006,00,0,1,0,"_","_"
709,709,0,00000006,00,0,1,0,"_","_"
710,710,0,00000006,00,0,1,0,"_","_"
711,711,0,00000006,00,0,1,0,"_","_"
712,712,0,00000006,00,0,1,0,"_","_"
713,713,0,00000006,00,0,1,0,"_","_"
714,714,0,00000006,00,0,1,0,"_","_"
715,715,0,00000006,00,0,1,0,"_","_"
716,716,0,00000006,00,0,1,0,"_","_"
717,717,0,00000006,00,0,1,0,"_","_"
718,718,0,00000006,00,0,1,0,"_","_"
719,719,0,00000006,00,0,1,0,"_","_"
720,720,0,00000006,00,0,1,0,"_","_"
721,721,0,00000006,00,0,1,0,"_","_"
722,722,0,00000006,00,0,1,0,"_","_"
723,723,0,00000006,00,0,1,0,"_","_"
724,724,0,00000006,00,0,1,0,"_","_"
725,725,0,00000006,00,0,1,0,"_","_"
726,726,0,00000006,00,0,1,0,"_","_"
727,727,0,00000006,00,0,1,0,"_","_"
728,728,0,00000006,00,0,1,0,"_","_"
729,729,0,00000006,00,0,1,0,"_","_"
730,730,0,00000006,00,0,1,0,"_","_"
731,731,0,00000006,00,0,1,0,"_","_"
732,732,0,00000006,00,0,1,0,"_","_"
733,733,0,00000006,00,0,1,0,"_","_"
734,734,0,00000006,00,0,1,0,"_","_"
735,735,0,00000006,00,0,1,0,"_","_"
736,736,0,00000006,00,0,1,0,"_","_"
737,737,0,00000006,00,0,1,0,"_","_"
738,738,0,00000006,00,0,1,0,"_","_"
739,739,0,00000006,00,0,1,0,"_","_"
740,740,0,00000006,00,0,1,0,"_","_"
741,741,0,00000006,00,0,1,0,"_","_"
742,742,0,00000006,00,0,1,0,"_","_"
743,743,0,00000006,00,0,1,0,"_","_"
744,744,0,00000006,00,0,1,0,"_","_"
745,745,0,00000006,00,0,1,0,"_","_"
746,746,0,00000006,00,0,1,0,"_","_"
747,747,0,00000006,00,0,1,0,"_","_"
748,748,0,00000006,00,0,1,0,"_","_"
749,749,0,00000006,00,0,1,0,"_","_"
750,750,0,00000006,00,0,1,0,"_","_"
751,751,0,00000006,00,0,1,0,"_","_"
752,752,0,00000006,00,0,1,0,"_","_"
753,753,0,00000006,00,0,1,0,"_","_"
754,754,0,00000006,00,0,1,0,"_","_"
755,755,0,00000006,00,0,1,0,"_","_"
756,756,0,00000006,00,0,1,0,"_","_"
757,757,0,00000006,00,0,1,0,"_","_"
758,758,0,00000006,00,0,1,0,"_","_"
759,759,0,00000006,00,0,1,0,"_","_"
760,760,0,00000006,00,0,1,0,"_","_"
761,761,0,00000006,00,0,1,0,"_","_"
762,762,0,00000006,00,0,1,0,"_","_"
763,763,0,00000006,00,0,1,0,"_","_"
764,764,0,00000006,00,0,1,0,"_","_"
765,765,0,00000006,00,0,1,0,"_","_"
766,766,0,00000006,00,0,1,0,"_","_"
767,767,0,00000006,00,0,1,0,"_","_"
768,768,0,00000006,00,0,1,0,"_","_"
769,769,0,00000006,00,0,1,0,"_","_"
770,770,0,00000006,00,0,1,0,"_","_"
771,771,0,00000006,00,0,1,0,"_","_"
772,772,0,00000006,00,0,1,0,"_","_"
773,773,0,00000006,00,0,1,0,"_","_"
774,774,0,00000006,00,0,1,0,"_","_"
775,775,0,00000006,00,0,1,0,"_","_"
776,776,0,00000006,00,0,1,0,"_","_"
777,777,0,00000006,00,0,1,0,"_","_"
778,778,0,00000006,00,0,1,0,"_","_"
779,779,0,00000006,00,0,1,0,"_","_"
780,780,0,00000006,00,0,1,0,"_","_"
781,781,0,00000006,00,0,1,0,"_","_"
782,782,0,00000006,00,0,1,0,"_","_"
783,783,0,00000006,00,0,1,0,"_","_"
784,784,0,00000006,00,0,1,0,"_","_"
785,785,0,00000006,00,0,1,0,"_","_"
786,786,0,00000006,00,0,1,0,"_","_"
787,787,0,00000006,00,0,1,0,"_","_"
788,788,0,00000006,00,0,1,0,"_","_"
789,789,0,00000006,00,0,1,0,"_","_"
790,790,0,00000006,00,0,1,0,"_","_"
791,791,0,00000006,00,1,1,1,"Active","Last Stream"
792,792,0,00000006,00,0,1,0,"_","_"
793,793,0,00000006,00,0,1,0,"_","_"
794,794,0,00000006,00,0,1,0,"_","_"
795,795,0,00000006,00,0,1,0,"_","_"
796,796,0,00000006,00,0,1,0,"_","_"
797,797,0,00000006,00,0,1,0,"_","_"
798,798,0,00000006,00,0,1,0,"_","_"
799,799,0,00000006,00,0,1,0,"_","_"
800,800,0,00000006,00,0,1,0,"_","_"
801,801,0,00000006,00,0,1,0,"_","_"
802,802,0,00000006,00,0,1,0,"_","_"
803,803,0,00000006,00,0,1,0,"_","_"
804,804,0,00000006,00,0,1,0,"_","_"
805,805,0,00000006,00,0,1,0,"_","_"
806,806,0,00000006,00,0,1,0,"_","_"
807,807,0,00000006,00,0,1,0,"_","_"
808,808,0,00000006,00,0,1,0,"_","_"
809,809,0,00000006,00,0,1,0,"_","_"
810,810,0,00000006,00,0,1,0,"_","_"
811,811,0,00000006,00,0,1,0,"_","_"
812,812,0,00000006,00,0,1,0,"_","_"
813,813,0,00000006,00,0,1,0,"_","_"
814,814,0,00000006,00,0,1,0,"_","_"
815,815,0,00000006,00,0,1,0,"_","_"
816,816,0,00000006,00,0,1,0,"_","_"
817,817,0,00000006,00,0,1,0,"_","_"
818,818,0,00000006,00,0,1,0,"_","_"
819,819,0,00000006,00,0,1,0,"_","_"
820,820,0,00000006,00,0,1,0,"_","_"
821,821,0,00000006,00,0,1,0,"_","_"
822,822,0,00000006,00,0,1,0,"_","_"
823,823,0,00000006,00,0,1,0,"_","_"
824,824,0,00000006,00,0,1,0,"_","_"
825,825,0,00000006,00,0,1,0,"_","_"
826,826,0,00000006,00,0,1,0,"_","_"
827,827,0,00000006,00,0,1,0,"_","_"
828,828,0,00000006,00,0,1,0,"_","_"
829,829,0,00000006,00,0,1,0,"_","_"
830,830,0,00000006,00,0,1,0,"_","_"
831,831,0,00000006,00,0,1,0,"_","_"
832,832,0,00000006,00,0,1,0,"_","_"
833,833,0,00000006,00,0,1,0,"_","_"
834,834,0,00000006,00,0,1,0,"_","_"
835,835,0,00000006,00,0,1,0,"_","_"
836,836,0,00000006,00,0,1,0,"_","_"
837,837,0,00000006,00,0,1,0,"_","_"
838,838,0,00000006,00,0,1,0,"_","_"
839,839,0,00000006,00,0,1,0,"_","_"
840,840,0,00000006,00,0,1,0,"_","_"
841,841,0,00000006,00,0,1,0,"_","_"
842,842,0,00000006,00,0,1,0,"_","_"
843,843,0,00000006,00,0,1,0,"_","_"
844,844,0,00000006,00,0,1,0,"_","_"
845,845,0,00000006,00,0,1,0,"_","_"
846,846,0,00000006,00,0,1,0,"_","_"
847,847,0,00000006,00,0,1,0,"_","_"
848,848,0,00000006,00,0,1,0,"_","_"
849,849,0,00000006,00,0,1,0,"_","_"
850,850,0,00000006,00,0,1,0,"_","_"
851,851,0,00000006,00,0,1,0,"_","_"
852,852,0,00000006,00,0,1,0,"_","_"
853,853,0,00000006,00,0,1,0,"_","_"
854,854,0,00000006,00,0,1,0,"_","_"
855,855,0,00000006,00,0,1,0,"_","_"
856,856,0,00000006,00,0,1,0,"_","_"
857,857,0,00000006,00,0,1,0,"_","_"
858,858,0,00000006,00,0,1,0,"_","_"
859,859,0,00000006,00,0,1,0,"_","_"
860,860,0,00000006,00,0,1,0,"_","_"
861,861,0,00000006,00,0,1,0,"_","_"
862,862,0,00000006,00,0,1,0,"_","_"
863,863,0,00000006,00,0,1,0,"_","_"
864,864,0,00000006,00,0,1,0,"_","_"
865,865,0,00000006,00,0,1,0,"_","_"
866,866,0,00000006,00,0,1,0,"_","_"
867,867,0,00000006,00,0,1,0,"_","_"
868,868,0,00000006,00,0,1,0,"_","_"
869,869,0,00000006,00,0,1,0,"_","_"
870,870,0,00000006,00,0,1,0,"_","_"
871,871,0,00000006,00,0,1,0,"_","_"
872,872,0,00000006,00,0,1,0,"_","_"
873,873,0,00000006,00,0,1,0,"_","_"
874,874,0,00000006,00,0,1,0,"_","_"
875,875,0,00000006,00,0,1,0,"_","_"
876,876,0,00000006,00,0,1,0,"_","_"
877,877,0,00000006,00,0,1,0,"_","_"
878,878,0,00000006,00,0,1,0,"_","_"
879,879,0,00000006,00,0,1,0,"_","_"
880,880,0,00000006,00,0,1,0,"_","_"
881,881,0,00000006,00,0,1,0,"_","_"
882,882,0,00000006,00,0,1,0,"_","_"
883,883,0,00000006,00,0,1,0,"_","_"
884,884,0,00000006,00,1,1,1,"Active","Last Stream"
885,885,0,00000006,00,0,1,0,"_","_"
886,886,0,00000006,00,0,1,0,"_","_"
887,887,0,00000006,00,0,1,0,"_","_"
888,888,0,00000006,00,0,1,0,"_","_"
889,889,0,00000006,00,0,1,0,"_","_"
890,890,0,00000006,00,0,1,0,"_","_"
891,891,0,00000006,00,0,1,0,"_","_"
892,892,0,00000006,00,0,1,0,"_","_"
893,893,0,00000006,00,0,1,0,"_","_"
894,894,0,00000006,00,0,1,0,"_","_"
895,895,0,00000006,00,0,1,0,"_","_"
896,896,0,00000006,00,0,1,0,"_","_"
897,897,0,00000006,00,0,1,0,"_","_"
898,898,0,00000006,00,0,1,0,"_","_"
899,899,0,00000006,00,0,1,0,"_","_"
900,900,0,00000006,00,0,1,0,"_","_"
901,901,0,00000006,00,0,1,0,"_","_"
902,902,0,00000006,00,0,1,0,"_","_"
903,903,0,00000006,00,0,1,0,"_","_"
904,904,0,00000006,00,0,1,0,"_","_"
905,905,0,00000006,00,0,1,0,"_","_"
906,906,0,00000006,00,0,1,0,"_","_"
907,907,0,00000006,00,0,1,0,"_","_"
908,908,0,00000006,00,0,1,0,"_","_"
909,909,0,00000006,00,0,1,0,"_","_"
910,910,0,00000006,00,0,1,0,"_","_"
911,911,0,00000006,00,0,1,0,"_","_"
912,912,0,00000006,00,0,1,0,"_","_"
913,913,0,00000006,00,0,1,0,"_","_"
914,914,0,00000006,00,0,1,0,"_","_"
915,915,0,00000006,00,0,1,0,"_","_"
916,916,0,00000006,00,0,1,0,"_","_"
917,917,0,00000006,00,0,1,0,"_","_"
918,918,0,00000006,00,0,1,0,"_","_"
919,919,0,00000006,00,0,1,0,"_","_"
920,920,0,00000006,00,0,1,0,"_","_"
921,921,0,00000006,00,0,1,0,"_","_"
922,922,0,00000006,00,0,1,0,"_","_"
923,923,0,00000006,00,0,1,0,"_","_"
924,924,0,00000006,00,0,1,0,"_","_"
925,925,0,00000006,00,0,1,0,"_","_"
926,926,0,00000006,00,0,1,0,"_","_"
927,927,0,00000006,00,0,1,0,"_","_"
928,928,0,00000006,00,0,1,0,"_","_"
929,929,0,00000006,00,0,1,0,"_","_"
930,930,0,00000006,00,0,1,0,"_","_"
931,931,0,00000006,00,0,1,0,"_","_"
932,932,0,00000006,00,0,1,0,"_","_"
933,933,0,00000006,00,0,1,0,"_","_"
934,934,0,00000006,00,0,1,0,"_","_"
935,935,0,00000006,00,0,1,0,"_","_"
936,936,0,00000006,00,0,1,0,"_","_"
937,937,0,00000006,00,0,1,0,"_","_"
938,938,0,00000006,00,0,1,0,"_","_"
939,939,0,00000006,00,0,1,0,"_","_"
940,940,0,00000006,00,0,1,0,"_","_"
941,941,0,00000006,00,0,1,0,"_","_"
942,942,0,00000006,00,0,1,0,"_","_"
943,943,0,00000006,00,0,1,0,"_","_"
944,944,0,00000006,00,0,1,0,"_","_"
945,945,0,00000006,00,0,1,0,"_","_"
946,946,0,00000006,00,0,1,0,"_","_"
947,947,0,00000006,00,0,1,0,"_","_"
948,948,0,00000006,00,0,1,0,"_","_"
949,949,0,00000006,00,0,1,0,"_","_"
950,950,0,00000006,00,0,1,0,"_","_"
951,951,0,00000006,00,0,1,0,"_","_"
952,952,0,00000006,00,0,1,0,"_","_"
953,953,0,00000006,00,0,1,0,"_","_"
954,954,0,00000006,00,0,1,0,"_","_"
955,955,0,00000006,00,0,1,0,"_","_"
956,956,0,00000006,00,0,1,0,"_","_"
957,957,0,00000006,00,0,1,0,"_","_"
958,958,0,00000006,00,0,1,0,"_","_"
959,959,0,00000006,00,0,1,0,"_","_"
960,960,0,00000006,00,0,1,0,"_","_"
961,961,0,00000006,00,0,1,0,"_","_"
962,962,0,00000006,00,0,1,0,"_","_"
963,963,0,00000006,00,0,1,0,"_","_"
964,964,0,00000006,00,0,1,0,"_","_"
965,965,0,00000006,00,0,1,0,"_","_"
966,966,0,00000006,00,0,1,0,"_","_"
967,967,0,00000006,00,0,1,0,"_","_"
968,968,0,00000006,00,0,1,0,"_","_"
969,969,0,00000006,00,0,1,0,"_","_"
970,970,0,00000006,00,0,1,0,"_","_"
971,971,0,00000006,00,0,1,0,"_","_"
972,972,0,00000006,00,0,1,0,"_","_"
973,973,0,00000006,00,0,1,0,"_","_"
974,974,0,00000006,00,0,1,0,"_","_"
975,975,0,00000006,00,0,1,0,"_","_"
976,976,0,00000006,00,0,1,0,"_","_"
977,977,0,00000006,00,1,1,1,"Active","Last Stream"
978,978,0,00000006,00,0,1,0,"_","_"
979,979,0,00000006,00,0,1,0,"_","_"
980,980,0,00000006,00,0,1,0,"_","_"
981,981,0,00000006,00,0,1,0,"_","_"
982,982,0,00000006,00,0,1,0,"_","_"
983,983,0,00000006,00,0,1,0,"_","_"
984,984,0,00000006,00,0,1,0,"_","_"
985,985,0,00000006,00,0,1,0,"_","_"
986,986,0,00000006,00,0,1,0,"_","_"
987,987,0,00000006,00,0,1,0,"_","_"
988,988,0,00000006,00,0,1,0,"_","_"
989,989,0,00000006,00,0,1,0,"_","_"
990,990,0,00000006,00,0,1,0,"_","_"
991,991,0,00000006,00,0,1,0,"_","_"
992,992,0,00000006,00,0,1,0,"_","_"
993,993,0,00000006,00,0,1,0,"_","_"
994,994,0,00000006,00,0,1,0,"_","_"
995,995,0,00000006,00,0,1,0,"_","_"
996,996,0,00000006,00,0,1,0,"_","_"
997,997,0,00000006,00,0,1,0,"_","_"
998,998,0,00000006,00,0,1,0,"_","_"
999,999,0,00000006,00,0,1,0,"_","_"
1000,1000,0,00000006,00,0,1,0,"_","_"
1001,1001,0,00000006,00,0,1,0,"_","_"
1002,1002,0,00000006,00,0,1,0,"_","_"
1003,1003,0,00000006,00,0,1,0,"_","_"
1004,1004,0,00000006,00,0,1,0,"_","_"
1005,1005,0,00000006,00,0,1,0,"_","_"
1006,1006,0,00000006,00,0,1,0,"_","_"
1007,1007,0,00000006,00,0,1,0,"_","_"
1008,1008,0,00000006,00,0,1,0,"_","_"
1009,1009,0,00000006,00,0,1,0,"_","_"
1010,1010,0,00000006,00,0,1,0,"_","_"
1011,1011,0,00000006,00,0,1,0,"_","_"
1012,1012,0,00000006,00,0,1,0,"_","_"
1013,1013,0,00000006,00,0,1,0,"_","_"
1014,1014,0,00000006,00,0,1,0,"_","_"
1015,1015,0,00000006,00,0,1,0,"_","_"
1016,1016,0,00000006,00,0,1,0,"_","_"
1017,1017,0,00000006,00,0,1,0,"_","_"
1018,1018,0,00000006,00,0,1,0,"_","_"
1019,1019,0,00000006,00,0,1,0,"_","_"
1020,1020,0,00000006,00,0,1,0,"_","_"
1021,1021,0,00000006,00,0,1,0,"_","_"
1022,1022,0,00000006,00,0,1,0,"_","_"
1023,1023,0,00000006,00,0,1,0,"_","_"
